{"identifier": "1970124", "cpa": 0, "kvalue": 0.275700576399395, "conversion_goal": 2}
{"identifier": "1974640", "cpa": 0, "kvalue": 0.5592311967694562, "conversion_goal": 2}
{"identifier": "1888967", "cpa": 0, "kvalue": 1.7486762228760269, "conversion_goal": 2}